customer_id,name,email,city,state,signup_date,phone
1,Amit Lee,,Jaipur,RJ,2023-09-09,555-4554
2,Wei Smith,wei.smith@example.com,Jaipur,RJ,2023-07-01,555-7006
3,Elena Kim,,Chicago,IL,2023-05-31,555-9565
4,Carlos Sharma,carlos.sharma@example.com,Mumbai,MH,2024-02-08,555-4303
5,Jane Garcia,jane.garcia@example.com,Jaipur,RJ,2025-02-22,555-1439
6,Amit Rossi,amit.rossi@example.com,Chicago,IL,2024-04-27,555-5750
7,Jane Sharma,jane.sharma@example.com,New York,NY,2023-01-08,555-8085
8,John Rossi,john.rossi@example.com,Los Angeles,CA,2025-05-12,555-1290
9,John Kim,john.kim@example.com,New York,NY,2024-11-15,555-5300
10,Priya Lee,priya.lee@example.com,Jaipur,RJ,2024-10-16,555-5113
11,Tom Khan,tom.khan@example.com,Los Angeles,CA,2024-12-21,555-3505
12,Amit Rossi,,Jaipur,RJ,2025-01-16,555-3294
13,Fatima Lee,fatima.lee@example.com,Los Angeles,CA,2023-07-29,555-2845
14,John Kim,john.kim@example.com,Los Angeles,CA,2023-04-02,555-9460
15,Wei Brown,wei.brown@example.com,New York,NY,2024-01-03,555-2445
16,Elena Doe,elena.doe@example.com,Los Angeles,CA,2025-05-05,555-5010
17,Elena Sharma,elena.sharma@example.com,Chicago,IL,2023-03-21,555-6106
18,Priya Garcia,priya.garcia@example.com,Jaipur,RJ,2024-11-25,555-3629
19,John Brown,john.brown@example.com,Mumbai,MH,2024-12-28,555-4940
20,Jane Brown,jane.brown@example.com,Chicago,IL,2025-04-17,555-1817
21,Priya Lee,priya.lee@example.com,New York,NY,2024-02-24,555-4002
22,Fatima Rossi,fatima.rossi@example.com,Chicago,IL,2024-08-06,555-9606
23,Carlos Lee,carlos.lee@example.com,Jaipur,RJ,2024-09-13,555-2303
24,John Sharma,john.sharma@example.com,New York,NY,2024-09-03,555-1774
25,Amit Smith,amit.smith@example.com,Mumbai,MH,2023-10-30,555-4744
26,John Chen,john.chen@example.com,Jaipur,RJ,2025-05-23,555-8293
27,Carlos Smith,carlos.smith@example.com,New York,NY,2025-05-19,555-5599
28,Wei Lee,wei.lee@example.com,New York,NY,2024-02-18,555-2631
29,Jane Garcia,jane.garcia@example.com,Mumbai,MH,2023-09-11,555-4149
30,Fatima Garcia,fatima.garcia@example.com,New York,NY,2023-04-18,555-8072
31,Carlos Chen,carlos.chen@example.com,Los Angeles,CA,2024-03-16,555-6228
32,Tom Brown,tom.brown@example.com,New York,NY,2023-08-18,555-3505
33,Tom Chen,tom.chen@example.com,Los Angeles,CA,2024-07-02,555-2053
34,John Sharma,john.sharma@example.com,New York,NY,2024-07-24,555-7698
35,Carlos Brown,carlos.brown@example.com,Mumbai,MH,2025-02-08,555-4293
35,Carlos Brown,carlos.brown@example.com,Mumbai,MH,2025-02-08,555-4293
36,Elena Brown,elena.brown@example.com,Chicago,IL,2024-06-25,555-5881
37,Carlos Sharma,carlos.sharma@example.com,Mumbai,MH,2024-03-21,555-1425
38,Amit Brown,amit.brown@example.com,Jaipur,RJ,2024-12-30,555-4364
39,Fatima Khan,fatima.khan@example.com,Mumbai,MH,2023-02-10,555-5447
40,Elena Garcia,elena.garcia@example.com,Los Angeles,CA,2024-12-26,555-4911
41,Carlos Brown,carlos.brown@example.com,Los Angeles,CA,2023-10-05,555-3199
42,Tom Rossi,tom.rossi@example.com,Mumbai,MH,2025-05-09,555-1599
43,Fatima Sharma,fatima.sharma@example.com,New York,NY,2023-07-01,555-3716
44,Sara Brown,sara.brown@example.com,Mumbai,MH,2023-07-20,555-8261
45,Priya Kim,priya.kim@example.com,New York,NY,2023-06-20,555-9545
46,Carlos Kim,carlos.kim@example.com,Jaipur,RJ,2023-07-14,555-4584
47,Elena Garcia,elena.garcia@example.com,New York,NY,2023-08-16,555-5160
48,Elena Lee,elena.lee@example.com,Jaipur,RJ,2025-02-22,555-1508
49,Sara Garcia,sara.garcia@example.com,Mumbai,MH,2023-10-05,555-5446
50,Tom Brown,tom.brown@example.com,Los Angeles,CA,2024-12-10,555-9617
51,Jane Khan,,New York,NY,2023-12-07,555-9368
52,Amit Smith,amit.smith@example.com,New York,NY,2023-12-23,555-9655
53,Wei Doe,wei.doe@example.com,Chicago,IL,2024-06-24,555-9641
53,Wei Doe,wei.doe@example.com,Chicago,IL,2024-06-24,555-9641
54,Elena Khan,elena.khan@example.com,New York,NY,2025-05-27,555-2331
55,Carlos Sharma,carlos.sharma@example.com,Chicago,IL,2025-02-21,555-4937
56,John Smith,john.smith@example.com,Los Angeles,CA,2023-08-07,555-5987
57,Wei Smith,wei.smith@example.com,Jaipur,RJ,2025-04-28,555-3842
58,Priya Sharma,priya.sharma@example.com,New York,NY,2025-03-15,555-1775
59,Amit Smith,amit.smith@example.com,Mumbai,MH,2024-03-11,555-7035
60,Priya Sharma,,Chicago,IL,2023-11-17,555-7211
61,Jane Sharma,jane.sharma@example.com,Chicago,IL,2023-07-19,555-9548
62,Fatima Rossi,fatima.rossi@example.com,Mumbai,MH,2023-06-17,555-1181
63,John Garcia,john.garcia@example.com,Mumbai,MH,2023-04-22,555-8037
64,Wei Kim,wei.kim@example.com,Jaipur,RJ,2025-06-11,555-6852
65,John Chen,john.chen@example.com,Jaipur,RJ,2025-01-07,555-1041
66,Carlos Rossi,carlos.rossi@example.com,Mumbai,MH,2024-11-28,555-3126
67,Tom Kim,tom.kim@example.com,Mumbai,MH,2025-01-26,555-5259
68,Elena Garcia,elena.garcia@example.com,Jaipur,RJ,2024-09-29,555-3121
69,Fatima Doe,fatima.doe@example.com,Jaipur,RJ,2023-05-30,555-7829
70,Amit Sharma,amit.sharma@example.com,Mumbai,MH,2024-04-29,555-4760
71,Jane Doe,jane.doe@example.com,Los Angeles,CA,2024-04-24,555-7877
72,John Brown,john.brown@example.com,Los Angeles,CA,2024-01-11,555-1533
73,Priya Sharma,priya.sharma@example.com,Jaipur,RJ,2024-12-25,555-1584
74,Jane Lee,jane.lee@example.com,Los Angeles,CA,2023-01-03,555-7929
75,Fatima Brown,fatima.brown@example.com,Jaipur,RJ,2024-07-22,555-6315
76,Fatima Brown,fatima.brown@example.com,New York,NY,2025-02-28,555-4446
77,John Lee,john.lee@example.com,Los Angeles,CA,2023-09-13,555-1341
78,Jane Smith,jane.smith@example.com,Los Angeles,CA,2025-03-28,555-8067
79,Priya Kim,priya.kim@example.com,Chicago,IL,2025-04-20,555-7735
80,Carlos Doe,carlos.doe@example.com,New York,NY,2023-11-03,555-2593
81,John Garcia,john.garcia@example.com,New York,NY,2024-05-13,555-4694
82,Elena Doe,elena.doe@example.com,Chicago,IL,2024-08-02,555-2650
83,Wei Kim,wei.kim@example.com,Jaipur,RJ,2024-05-23,555-2615
84,Sara Lee,sara.lee@example.com,Los Angeles,CA,2025-04-17,555-6553
85,Elena Rossi,elena.rossi@example.com,Los Angeles,CA,2024-10-29,555-1287
86,Sara Khan,sara.khan@example.com,Chicago,IL,2025-03-30,555-5338
87,Amit Sharma,amit.sharma@example.com,Mumbai,MH,2024-06-14,555-5440
88,Carlos Rossi,carlos.rossi@example.com,Chicago,IL,2023-07-14,555-2181
89,Fatima Brown,fatima.brown@example.com,New York,NY,2024-12-15,555-5161
90,Sara Chen,sara.chen@example.com,Chicago,IL,2023-09-07,555-6505
91,Priya Doe,priya.doe@example.com,New York,NY,2025-01-26,555-1501
92,Tom Doe,tom.doe@example.com,Jaipur,RJ,2024-11-24,555-3961
93,John Brown,john.brown@example.com,Chicago,IL,2023-02-01,555-8008
94,Amit Garcia,amit.garcia@example.com,Mumbai,MH,2023-05-07,555-9070
95,Jane Kim,jane.kim@example.com,Los Angeles,CA,2024-07-09,555-3976
96,Wei Kim,wei.kim@example.com,New York,NY,2025-04-08,555-4165
97,Elena Rossi,elena.rossi@example.com,Los Angeles,CA,2023-07-15,555-8151
98,Carlos Sharma,carlos.sharma@example.com,Jaipur,RJ,2023-10-01,555-8400
99,Elena Kim,elena.kim@example.com,Los Angeles,CA,2023-07-22,555-2346
100,Amit Garcia,amit.garcia@example.com,Chicago,IL,2023-06-26,555-5334
101,Jane Sharma,jane.sharma@example.com,Mumbai,MH,2025-01-12,555-2567
102,Sara Sharma,sara.sharma@example.com,New York,NY,2025-02-06,555-2650
103,John Garcia,john.garcia@example.com,Chicago,IL,2023-10-05,555-9407
104,Tom Khan,tom.khan@example.com,Mumbai,MH,2024-09-28,555-1309
105,Priya Doe,priya.doe@example.com,Los Angeles,CA,2023-03-17,555-2704
106,Wei Sharma,,Mumbai,MH,2025-04-25,555-2084
107,Tom Kim,tom.kim@example.com,Los Angeles,CA,2024-07-01,555-4139
108,Wei Garcia,wei.garcia@example.com,New York,NY,2025-01-23,555-2576
109,Elena Khan,elena.khan@example.com,Jaipur,RJ,2024-09-22,555-7390
110,Elena Garcia,elena.garcia@example.com,New York,NY,2024-10-13,555-8965
111,Priya Sharma,priya.sharma@example.com,Jaipur,RJ,2025-02-18,555-8053
112,John Sharma,john.sharma@example.com,New York,NY,2024-11-11,555-8598
113,John Smith,john.smith@example.com,Jaipur,RJ,2023-11-09,555-3850
114,Amit Smith,amit.smith@example.com,Chicago,IL,2023-02-02,555-3984
115,Sara Lee,sara.lee@example.com,Chicago,IL,2024-08-28,555-2736
116,Amit Brown,amit.brown@example.com,Chicago,IL,2024-06-30,555-9739
117,Jane Sharma,jane.sharma@example.com,Jaipur,RJ,2024-05-29,555-5171
118,Sara Chen,sara.chen@example.com,Los Angeles,CA,2024-05-12,555-7054
119,Jane Smith,jane.smith@example.com,Chicago,IL,2024-11-04,555-2013
120,Priya Chen,priya.chen@example.com,New York,NY,2024-02-03,555-6134
121,Tom Brown,tom.brown@example.com,Jaipur,RJ,2023-12-24,555-9047
122,Priya Garcia,priya.garcia@example.com,Jaipur,RJ,2023-09-27,555-6647
123,Sara Sharma,sara.sharma@example.com,Mumbai,MH,2025-05-07,555-9712
124,Elena Smith,elena.smith@example.com,Jaipur,RJ,2023-03-16,555-8262
125,Sara Smith,sara.smith@example.com,Mumbai,MH,2023-05-20,555-2650
126,Elena Kim,elena.kim@example.com,Chicago,IL,2023-01-10,555-2538
127,Carlos Garcia,carlos.garcia@example.com,New York,NY,2024-08-21,555-5664
128,Jane Smith,jane.smith@example.com,Jaipur,RJ,2023-01-16,555-4991
129,Wei Kim,wei.kim@example.com,Chicago,IL,2024-04-27,555-6930
130,John Rossi,john.rossi@example.com,Chicago,IL,2024-11-19,555-2601
131,Carlos Chen,carlos.chen@example.com,Chicago,IL,2023-08-18,555-3207
132,Sara Lee,sara.lee@example.com,Los Angeles,CA,2023-08-18,555-5503
133,Carlos Brown,carlos.brown@example.com,New York,NY,2025-01-21,555-3410
134,John Brown,john.brown@example.com,New York,NY,2023-04-27,555-7084
135,Jane Garcia,jane.garcia@example.com,New York,NY,2024-02-14,555-3683
136,Jane Sharma,jane.sharma@example.com,Jaipur,RJ,2023-05-04,555-5613
137,John Brown,john.brown@example.com,Chicago,IL,2024-07-02,555-5247
138,Jane Garcia,jane.garcia@example.com,Jaipur,RJ,2023-12-05,555-2177
139,Jane Chen,jane.chen@example.com,Los Angeles,CA,2024-10-12,555-6798
140,Jane Brown,jane.brown@example.com,Jaipur,RJ,2023-12-11,555-9300
141,John Smith,john.smith@example.com,Mumbai,MH,2023-01-13,555-6486
142,Sara Rossi,sara.rossi@example.com,New York,NY,2023-11-02,555-4948
143,Jane Brown,jane.brown@example.com,Jaipur,RJ,2023-02-09,555-9903
144,Elena Doe,elena.doe@example.com,New York,NY,2024-12-15,555-9634
144,Elena Doe,elena.doe@example.com,New York,NY,2024-12-15,555-9634
145,Jane Rossi,jane.rossi@example.com,Chicago,IL,2023-09-02,555-4133
146,Wei Lee,wei.lee@example.com,Los Angeles,CA,2024-05-22,555-4475
147,Jane Sharma,jane.sharma@example.com,Mumbai,MH,2024-04-12,555-1550
148,John Rossi,john.rossi@example.com,Mumbai,MH,2024-05-29,555-5006
149,Priya Brown,priya.brown@example.com,Chicago,IL,2023-07-30,555-9766
150,Amit Khan,amit.khan@example.com,Chicago,IL,2023-07-02,555-8836
151,Amit Rossi,amit.rossi@example.com,Mumbai,MH,2025-06-01,555-7563
152,Sara Khan,sara.khan@example.com,Mumbai,MH,2023-09-13,555-1438
153,Tom Kim,tom.kim@example.com,Mumbai,MH,2025-06-16,555-2976
154,Tom Garcia,tom.garcia@example.com,Jaipur,RJ,2023-08-16,555-1605
155,Wei Sharma,wei.sharma@example.com,Chicago,IL,2024-03-20,555-8901
156,Carlos Doe,carlos.doe@example.com,Jaipur,RJ,2024-03-09,555-9628
157,Carlos Lee,carlos.lee@example.com,Jaipur,RJ,2023-05-19,555-8178
158,Carlos Chen,carlos.chen@example.com,Mumbai,MH,2024-02-22,555-4766
159,Tom Doe,,New York,NY,2024-12-18,555-5065
160,Sara Chen,sara.chen@example.com,Jaipur,RJ,2023-07-30,555-9015
161,Sara Garcia,sara.garcia@example.com,Los Angeles,CA,2024-02-17,555-8628
162,Fatima Kim,fatima.kim@example.com,Mumbai,MH,2024-11-22,555-7973
163,Jane Khan,jane.khan@example.com,Jaipur,RJ,2023-07-21,555-7423
164,Jane Sharma,jane.sharma@example.com,Chicago,IL,2023-09-12,555-2966
165,Sara Lee,sara.lee@example.com,New York,NY,2024-07-24,555-7451
166,Carlos Rossi,carlos.rossi@example.com,Chicago,IL,2024-06-20,555-8506
167,Carlos Kim,carlos.kim@example.com,Los Angeles,CA,2024-06-18,555-7947
168,Wei Smith,wei.smith@example.com,Jaipur,RJ,2023-03-26,555-2118
169,Tom Smith,tom.smith@example.com,New York,NY,2023-07-29,555-7777
170,Sara Brown,sara.brown@example.com,Chicago,IL,2025-06-12,555-2209
171,Elena Sharma,elena.sharma@example.com,Los Angeles,CA,2024-04-05,555-9631
172,John Khan,john.khan@example.com,Los Angeles,CA,2023-07-05,555-6248
173,Jane Sharma,jane.sharma@example.com,Mumbai,MH,2024-04-12,555-4020
174,Fatima Khan,fatima.khan@example.com,New York,NY,2024-02-07,555-4379
175,Sara Doe,sara.doe@example.com,New York,NY,2023-02-24,555-2901
176,John Garcia,john.garcia@example.com,Jaipur,RJ,2023-10-19,555-9784
177,Amit Brown,amit.brown@example.com,New York,NY,2024-05-25,555-1213
178,Amit Brown,amit.brown@example.com,Chicago,IL,2023-01-17,555-1614
179,Priya Sharma,priya.sharma@example.com,Los Angeles,CA,2024-02-19,555-9987
180,Carlos Lee,carlos.lee@example.com,Chicago,IL,2024-12-14,555-7865
181,Elena Lee,elena.lee@example.com,Jaipur,RJ,2023-08-17,555-3606
182,Amit Kim,amit.kim@example.com,Mumbai,MH,2025-03-27,555-1276
183,Elena Doe,elena.doe@example.com,Jaipur,RJ,2023-01-01,555-2172
184,Fatima Doe,,Jaipur,RJ,2024-03-09,555-1159
185,Fatima Lee,fatima.lee@example.com,Los Angeles,CA,2024-05-10,555-7506
186,Jane Kim,jane.kim@example.com,Los Angeles,CA,2025-02-28,555-6611
187,Tom Rossi,tom.rossi@example.com,New York,NY,2023-09-02,555-9128
188,Priya Kim,priya.kim@example.com,Jaipur,RJ,2024-11-04,555-2570
189,Priya Kim,priya.kim@example.com,Mumbai,MH,2024-11-01,555-2376
190,Carlos Garcia,carlos.garcia@example.com,Chicago,IL,2023-11-19,555-4992
191,Priya Brown,priya.brown@example.com,Los Angeles,CA,2023-12-12,555-6367
192,Tom Chen,tom.chen@example.com,Mumbai,MH,2025-06-07,555-8318
193,Jane Khan,jane.khan@example.com,Los Angeles,CA,2024-01-24,555-6534
194,Priya Chen,priya.chen@example.com,Jaipur,RJ,2024-07-28,555-4642
195,Amit Sharma,amit.sharma@example.com,Mumbai,MH,2023-12-24,555-9597
196,Tom Smith,tom.smith@example.com,Mumbai,MH,2024-11-18,555-4423
197,Elena Lee,elena.lee@example.com,Chicago,IL,2025-04-25,555-6341
198,Wei Lee,wei.lee@example.com,Los Angeles,CA,2024-11-23,555-8939
199,Jane Kim,jane.kim@example.com,Jaipur,RJ,2023-06-12,555-8359
200,Priya Chen,priya.chen@example.com,Chicago,IL,2023-05-11,555-8975
201,Sara Kim,sara.kim@example.com,Chicago,IL,2023-11-29,555-9364
202,Wei Lee,wei.lee@example.com,New York,NY,2025-03-06,555-7162
203,Tom Doe,tom.doe@example.com,Chicago,IL,2024-09-14,555-1437
204,Fatima Sharma,fatima.sharma@example.com,Mumbai,MH,2025-02-04,555-3165
205,Elena Kim,elena.kim@example.com,New York,NY,2024-05-11,555-9830
206,John Kim,john.kim@example.com,Jaipur,RJ,2025-01-08,555-2517
207,Tom Garcia,tom.garcia@example.com,Chicago,IL,2024-08-12,555-5559
208,Tom Rossi,tom.rossi@example.com,Chicago,IL,2024-04-12,555-9019
209,Sara Khan,sara.khan@example.com,Chicago,IL,2023-03-15,555-6792
210,Elena Smith,elena.smith@example.com,Jaipur,RJ,2023-12-09,555-7426
211,Carlos Khan,carlos.khan@example.com,Mumbai,MH,2023-09-17,555-7174
212,Sara Brown,sara.brown@example.com,Jaipur,RJ,2024-08-25,555-5750
213,Tom Kim,tom.kim@example.com,Chicago,IL,2024-11-17,555-6189
214,Tom Garcia,tom.garcia@example.com,Mumbai,MH,2023-09-03,555-3659
215,Amit Sharma,amit.sharma@example.com,Chicago,IL,2024-11-20,555-2157
216,Wei Garcia,wei.garcia@example.com,Chicago,IL,2023-12-26,555-4165
217,Priya Rossi,priya.rossi@example.com,Jaipur,RJ,2023-04-10,555-5906
218,Amit Rossi,amit.rossi@example.com,Los Angeles,CA,2023-07-03,555-8626
219,Amit Sharma,amit.sharma@example.com,Chicago,IL,2025-01-15,555-8648
220,Amit Khan,amit.khan@example.com,Jaipur,RJ,2024-09-18,555-3441
221,Priya Smith,priya.smith@example.com,Mumbai,MH,2024-07-04,555-6369
222,Sara Smith,sara.smith@example.com,Chicago,IL,2023-12-06,555-8501
223,Wei Chen,wei.chen@example.com,Jaipur,RJ,2023-08-30,555-5117
224,Tom Lee,tom.lee@example.com,Los Angeles,CA,2024-03-20,555-4415
225,Priya Khan,priya.khan@example.com,Los Angeles,CA,2023-11-05,555-1571
226,John Chen,john.chen@example.com,Jaipur,RJ,2023-04-02,555-7069
227,John Kim,john.kim@example.com,Mumbai,MH,2023-11-08,555-3579
228,Fatima Doe,fatima.doe@example.com,Los Angeles,CA,2023-04-01,555-2610
229,Carlos Brown,carlos.brown@example.com,Mumbai,MH,2023-10-13,555-7312
230,Carlos Garcia,carlos.garcia@example.com,Jaipur,RJ,2023-11-08,555-9459
231,Sara Sharma,sara.sharma@example.com,Mumbai,MH,2024-12-02,555-9975
232,Tom Garcia,tom.garcia@example.com,Los Angeles,CA,2023-07-23,555-3304
233,Amit Rossi,amit.rossi@example.com,Chicago,IL,2024-01-23,555-8294
234,Amit Garcia,amit.garcia@example.com,Chicago,IL,2024-09-08,555-4903
235,Fatima Garcia,fatima.garcia@example.com,Mumbai,MH,2023-10-03,555-3754
236,John Rossi,john.rossi@example.com,Mumbai,MH,2024-06-27,555-2953
237,Amit Doe,amit.doe@example.com,Mumbai,MH,2024-02-05,555-2676
238,John Chen,john.chen@example.com,Jaipur,RJ,2024-11-27,555-9949
239,Jane Smith,jane.smith@example.com,Jaipur,RJ,2024-06-13,555-2822
240,Amit Smith,amit.smith@example.com,Jaipur,RJ,2024-09-10,555-7048
241,Priya Garcia,priya.garcia@example.com,Chicago,IL,2023-12-08,555-3867
242,Jane Chen,jane.chen@example.com,New York,NY,2024-11-12,555-6791
243,Amit Lee,amit.lee@example.com,Los Angeles,CA,2024-02-18,555-7651
244,Amit Lee,amit.lee@example.com,New York,NY,2024-11-15,555-5983
245,Priya Kim,priya.kim@example.com,Los Angeles,CA,2023-12-25,555-5740
246,Jane Doe,jane.doe@example.com,Jaipur,RJ,2023-01-15,555-6613
247,Amit Garcia,amit.garcia@example.com,New York,NY,2024-04-18,555-8674
248,Jane Khan,jane.khan@example.com,Mumbai,MH,2023-11-07,555-7525
249,Carlos Chen,carlos.chen@example.com,Jaipur,RJ,2023-09-08,555-6734
250,Sara Smith,sara.smith@example.com,Chicago,IL,2024-08-03,555-8986
251,Fatima Doe,fatima.doe@example.com,Mumbai,MH,2023-02-22,555-3861
252,Fatima Doe,fatima.doe@example.com,New York,NY,2023-12-02,555-5205
253,Wei Sharma,wei.sharma@example.com,Jaipur,RJ,2025-05-19,555-9834
254,Priya Khan,,New York,NY,2024-07-06,555-9932
255,Amit Khan,amit.khan@example.com,Mumbai,MH,2023-10-31,555-8223
256,John Brown,john.brown@example.com,Jaipur,RJ,2023-03-17,555-1932
257,Wei Smith,wei.smith@example.com,Los Angeles,CA,2024-08-04,555-3155
258,Amit Rossi,amit.rossi@example.com,New York,NY,2024-04-03,555-6270
259,Wei Kim,wei.kim@example.com,Chicago,IL,2024-03-07,555-1594
260,Sara Smith,sara.smith@example.com,Mumbai,MH,2025-04-16,555-8290
261,Tom Chen,tom.chen@example.com,Chicago,IL,2025-04-22,555-2062
262,Tom Rossi,tom.rossi@example.com,Chicago,IL,2025-03-28,555-5033
263,Jane Lee,jane.lee@example.com,Jaipur,RJ,2024-11-12,555-1952
264,Amit Brown,amit.brown@example.com,Mumbai,MH,2024-09-12,555-8822
265,Wei Smith,wei.smith@example.com,Los Angeles,CA,2023-07-17,555-6561
266,Priya Brown,,Jaipur,RJ,2023-06-13,555-9772
267,Carlos Chen,carlos.chen@example.com,Jaipur,RJ,2024-08-11,555-5105
268,Sara Kim,,Los Angeles,CA,2024-10-20,555-1352
269,Wei Rossi,,Jaipur,RJ,2023-05-21,555-4552
270,Wei Rossi,wei.rossi@example.com,Jaipur,RJ,2024-07-21,555-2469
271,Elena Doe,elena.doe@example.com,Mumbai,MH,2025-01-25,555-1827
272,Jane Sharma,jane.sharma@example.com,Jaipur,RJ,2023-05-07,555-2151
273,Carlos Brown,carlos.brown@example.com,Jaipur,RJ,2023-07-23,555-7064
274,Carlos Doe,carlos.doe@example.com,Jaipur,RJ,2024-06-18,555-3423
275,John Khan,john.khan@example.com,Chicago,IL,2024-01-25,555-1117
276,Carlos Brown,carlos.brown@example.com,Jaipur,RJ,2023-04-26,555-8941
277,John Brown,john.brown@example.com,Los Angeles,CA,2023-11-28,555-3233
278,Carlos Lee,,Jaipur,RJ,2023-01-29,555-4474
279,Elena Smith,elena.smith@example.com,Los Angeles,CA,2024-05-11,555-1952
280,Sara Smith,sara.smith@example.com,Los Angeles,CA,2024-03-31,555-7207
281,Sara Smith,sara.smith@example.com,Los Angeles,CA,2024-01-01,555-2401
282,Elena Rossi,elena.rossi@example.com,New York,NY,2024-08-13,555-5093
283,Wei Doe,wei.doe@example.com,Mumbai,MH,2023-10-14,555-4270
284,Jane Lee,jane.lee@example.com,Chicago,IL,2024-01-17,555-5872
285,Elena Sharma,elena.sharma@example.com,Jaipur,RJ,2024-02-23,555-9079
286,Carlos Khan,carlos.khan@example.com,Chicago,IL,2024-09-16,555-6449
287,Sara Garcia,sara.garcia@example.com,Chicago,IL,2024-08-12,555-7985
288,Fatima Rossi,fatima.rossi@example.com,Jaipur,RJ,2025-05-28,555-7542
289,Priya Garcia,priya.garcia@example.com,Jaipur,RJ,2023-10-04,555-9315
290,Amit Sharma,amit.sharma@example.com,Jaipur,RJ,2023-06-16,555-4704
291,Tom Rossi,tom.rossi@example.com,Los Angeles,CA,2023-06-18,555-6806
292,John Garcia,,New York,NY,2025-05-06,555-2559
293,Sara Brown,sara.brown@example.com,Chicago,IL,2025-01-26,555-7907
294,John Khan,john.khan@example.com,New York,NY,2023-10-21,555-5457
295,John Doe,john.doe@example.com,Los Angeles,CA,2023-02-21,555-4042
296,Elena Kim,elena.kim@example.com,Chicago,IL,2023-09-29,555-5155
297,Wei Doe,wei.doe@example.com,Chicago,IL,2024-07-10,555-9074
298,Sara Lee,sara.lee@example.com,Jaipur,RJ,2023-12-15,555-2075
299,Wei Garcia,wei.garcia@example.com,Mumbai,MH,2025-04-09,555-4680
300,Jane Rossi,jane.rossi@example.com,New York,NY,2025-04-05,555-4486
301,Priya Doe,priya.doe@example.com,Los Angeles,CA,2024-08-21,555-1405
302,Carlos Doe,carlos.doe@example.com,Jaipur,RJ,2023-09-22,555-3144
303,Priya Smith,priya.smith@example.com,Mumbai,MH,2024-04-23,555-5720
304,Sara Khan,sara.khan@example.com,New York,NY,2024-11-19,555-6526
305,Carlos Doe,carlos.doe@example.com,Los Angeles,CA,2024-08-25,555-6244
306,Jane Smith,,Los Angeles,CA,2024-05-01,555-9522
307,Tom Brown,tom.brown@example.com,Jaipur,RJ,2023-07-13,555-2845
308,Wei Khan,wei.khan@example.com,Jaipur,RJ,2024-07-09,555-3593
309,Sara Doe,sara.doe@example.com,Los Angeles,CA,2023-04-06,555-8202
310,Elena Smith,elena.smith@example.com,Chicago,IL,2025-01-10,555-6978
310,Elena Smith,elena.smith@example.com,Chicago,IL,2025-01-10,555-6978
311,John Smith,john.smith@example.com,Jaipur,RJ,2023-05-06,555-7240
312,Sara Brown,sara.brown@example.com,Jaipur,RJ,2024-11-11,555-7810
313,Elena Rossi,elena.rossi@example.com,Jaipur,RJ,2023-07-26,555-3549
314,Jane Kim,jane.kim@example.com,Mumbai,MH,2023-08-13,555-6445
315,Tom Lee,tom.lee@example.com,Jaipur,RJ,2024-09-25,555-2961
316,Elena Lee,elena.lee@example.com,Mumbai,MH,2024-06-06,555-9700
317,Carlos Doe,carlos.doe@example.com,Chicago,IL,2023-07-02,555-7311
318,Fatima Lee,fatima.lee@example.com,Jaipur,RJ,2023-03-10,555-8243
319,Fatima Lee,fatima.lee@example.com,Los Angeles,CA,2023-03-13,555-3372
320,Fatima Garcia,fatima.garcia@example.com,Mumbai,MH,2025-05-29,555-1864
321,Amit Lee,amit.lee@example.com,Los Angeles,CA,2024-07-25,555-8907
322,Fatima Chen,fatima.chen@example.com,Chicago,IL,2024-10-25,555-9973
323,Fatima Sharma,fatima.sharma@example.com,New York,NY,2025-02-20,555-2164
324,Jane Smith,jane.smith@example.com,Chicago,IL,2025-03-18,555-6640
325,John Lee,john.lee@example.com,Los Angeles,CA,2024-04-17,555-1111
326,Fatima Kim,fatima.kim@example.com,Chicago,IL,2023-12-15,555-7645
327,Jane Garcia,jane.garcia@example.com,New York,NY,2024-08-16,555-2489
328,Amit Chen,amit.chen@example.com,New York,NY,2024-03-29,555-1534
329,Carlos Brown,carlos.brown@example.com,Mumbai,MH,2025-04-16,555-1846
330,Carlos Smith,carlos.smith@example.com,Los Angeles,CA,2023-12-31,555-4533
331,John Chen,john.chen@example.com,Jaipur,RJ,2024-02-25,555-8492
331,John Chen,john.chen@example.com,Jaipur,RJ,2024-02-25,555-8492
332,Tom Smith,tom.smith@example.com,New York,NY,2023-08-25,555-7403
333,Wei Sharma,wei.sharma@example.com,Los Angeles,CA,2025-05-22,555-6855
334,Wei Sharma,wei.sharma@example.com,Chicago,IL,2023-01-30,555-6007
335,Jane Kim,jane.kim@example.com,Los Angeles,CA,2025-04-04,555-1978
335,Jane Kim,jane.kim@example.com,Los Angeles,CA,2025-04-04,555-1978
336,Priya Brown,priya.brown@example.com,Los Angeles,CA,2024-10-27,555-5143
337,Jane Brown,jane.brown@example.com,New York,NY,2024-11-17,555-1081
338,Wei Khan,wei.khan@example.com,Mumbai,MH,2024-05-26,555-8512
339,Carlos Kim,carlos.kim@example.com,Jaipur,RJ,2024-01-12,555-8667
340,Sara Chen,,Mumbai,MH,2024-09-21,555-7338
341,Wei Sharma,wei.sharma@example.com,Jaipur,RJ,2023-08-07,555-9789
342,Carlos Smith,carlos.smith@example.com,Mumbai,MH,2023-04-10,555-9252
343,Sara Smith,sara.smith@example.com,Mumbai,MH,2024-09-24,555-5153
344,Priya Kim,priya.kim@example.com,Mumbai,MH,2024-03-14,555-8698
345,Elena Brown,elena.brown@example.com,Mumbai,MH,2025-03-02,555-9060
346,Jane Garcia,jane.garcia@example.com,New York,NY,2023-11-21,555-7324
347,Fatima Doe,fatima.doe@example.com,Jaipur,RJ,2024-05-11,555-2877
348,Amit Rossi,amit.rossi@example.com,New York,NY,2024-10-09,555-4668
349,Fatima Khan,fatima.khan@example.com,Los Angeles,CA,2023-03-13,555-7086
350,Amit Brown,amit.brown@example.com,Jaipur,RJ,2025-01-02,555-3797
351,Tom Khan,tom.khan@example.com,Chicago,IL,2025-05-31,555-3893
352,Carlos Garcia,carlos.garcia@example.com,Chicago,IL,2024-04-11,555-1297
353,Elena Brown,elena.brown@example.com,Mumbai,MH,2024-03-05,555-6451
354,Wei Doe,wei.doe@example.com,Mumbai,MH,2023-09-21,555-8819
355,Tom Smith,tom.smith@example.com,Mumbai,MH,2023-09-01,555-2882
356,Fatima Lee,fatima.lee@example.com,Mumbai,MH,2025-03-03,555-7237
357,Carlos Kim,carlos.kim@example.com,Jaipur,RJ,2024-10-22,555-1527
358,Sara Rossi,sara.rossi@example.com,Chicago,IL,2023-08-19,555-2467
359,Amit Lee,amit.lee@example.com,New York,NY,2024-06-15,555-7907
360,Wei Chen,wei.chen@example.com,Jaipur,RJ,2025-01-31,555-4502
361,Wei Rossi,wei.rossi@example.com,New York,NY,2024-11-24,555-9070
362,Jane Smith,jane.smith@example.com,New York,NY,2023-01-30,555-5895
363,Fatima Khan,fatima.khan@example.com,Mumbai,MH,2024-11-23,555-9496
364,Elena Doe,elena.doe@example.com,Jaipur,RJ,2023-11-12,555-2040
365,Sara Sharma,sara.sharma@example.com,Los Angeles,CA,2023-06-18,555-7579
366,Wei Doe,wei.doe@example.com,Mumbai,MH,2023-11-04,555-3050
367,Carlos Garcia,carlos.garcia@example.com,Los Angeles,CA,2024-10-03,555-4988
368,Sara Kim,sara.kim@example.com,Jaipur,RJ,2024-07-13,555-9203
369,Tom Sharma,tom.sharma@example.com,Jaipur,RJ,2024-08-19,555-3394
370,John Sharma,john.sharma@example.com,Los Angeles,CA,2024-06-03,555-5335
371,Priya Brown,priya.brown@example.com,Chicago,IL,2025-04-12,555-3586
372,Carlos Kim,carlos.kim@example.com,Chicago,IL,2023-09-07,555-1245
373,Jane Garcia,jane.garcia@example.com,Mumbai,MH,2024-02-16,555-2992
374,Sara Rossi,sara.rossi@example.com,Chicago,IL,2024-11-20,555-4891
375,Elena Kim,elena.kim@example.com,New York,NY,2025-01-18,555-2853
376,Priya Rossi,priya.rossi@example.com,New York,NY,2024-07-16,555-1602
377,Elena Rossi,elena.rossi@example.com,Los Angeles,CA,2025-02-14,555-8266
378,Wei Sharma,wei.sharma@example.com,Jaipur,RJ,2023-06-16,555-5073
379,John Smith,john.smith@example.com,Los Angeles,CA,2023-11-18,555-1692
380,Priya Garcia,priya.garcia@example.com,New York,NY,2023-02-11,555-8843
381,Sara Garcia,sara.garcia@example.com,Jaipur,RJ,2023-01-27,555-2301
382,John Sharma,john.sharma@example.com,Los Angeles,CA,2023-07-18,555-6364
383,Amit Smith,amit.smith@example.com,Los Angeles,CA,2024-01-06,555-3135
384,Amit Rossi,amit.rossi@example.com,Los Angeles,CA,2024-04-18,555-8097
385,John Lee,john.lee@example.com,New York,NY,2023-10-23,555-9849
386,Tom Doe,tom.doe@example.com,Los Angeles,CA,2023-02-12,555-6514
387,Sara Smith,sara.smith@example.com,New York,NY,2025-04-24,555-1123
388,John Rossi,john.rossi@example.com,Jaipur,RJ,2023-12-04,555-8865
389,Elena Chen,elena.chen@example.com,Los Angeles,CA,2025-02-22,555-9847
390,Elena Sharma,elena.sharma@example.com,Jaipur,RJ,2024-05-09,555-9625
391,Fatima Khan,fatima.khan@example.com,New York,NY,2023-09-28,555-1357
392,John Khan,john.khan@example.com,Chicago,IL,2024-08-25,555-6273
393,Sara Khan,sara.khan@example.com,Jaipur,RJ,2023-08-18,555-1541
394,Sara Khan,sara.khan@example.com,New York,NY,2025-02-21,555-2321
395,Fatima Chen,fatima.chen@example.com,Mumbai,MH,2025-01-24,555-1674
396,Sara Smith,sara.smith@example.com,New York,NY,2024-04-05,555-6323
397,Tom Sharma,tom.sharma@example.com,New York,NY,2025-01-29,555-6428
398,Elena Brown,elena.brown@example.com,Mumbai,MH,2024-05-05,555-1698
399,Elena Garcia,elena.garcia@example.com,Mumbai,MH,2023-07-25,555-6006
400,Wei Smith,wei.smith@example.com,Jaipur,RJ,2024-11-27,555-1760
401,Elena Sharma,elena.sharma@example.com,New York,NY,2025-05-31,555-1987
402,Sara Rossi,sara.rossi@example.com,Chicago,IL,2023-03-11,555-9746
403,Amit Doe,amit.doe@example.com,New York,NY,2024-02-26,555-9956
404,Fatima Sharma,fatima.sharma@example.com,Mumbai,MH,2023-06-25,555-7706
405,Sara Lee,sara.lee@example.com,Mumbai,MH,2025-06-14,555-7603
406,Priya Kim,priya.kim@example.com,Jaipur,RJ,2024-01-10,555-2828
407,Sara Kim,,Chicago,IL,2023-03-21,555-2993
408,Amit Rossi,amit.rossi@example.com,Los Angeles,CA,2024-06-24,555-8820
409,Jane Sharma,jane.sharma@example.com,Mumbai,MH,2023-05-25,555-2612
410,John Rossi,john.rossi@example.com,New York,NY,2024-06-12,555-3001
411,John Chen,john.chen@example.com,Jaipur,RJ,2023-01-03,555-4877
412,Wei Rossi,wei.rossi@example.com,New York,NY,2023-09-30,555-3611
413,John Smith,john.smith@example.com,Jaipur,RJ,2025-03-11,555-3996
414,John Smith,john.smith@example.com,Los Angeles,CA,2024-11-05,555-8083
415,Priya Kim,priya.kim@example.com,Los Angeles,CA,2023-07-09,555-5209
416,Elena Rossi,elena.rossi@example.com,Los Angeles,CA,2023-07-08,555-9167
417,Elena Garcia,elena.garcia@example.com,Jaipur,RJ,2025-02-21,555-8746
418,Fatima Chen,fatima.chen@example.com,Chicago,IL,2024-11-04,555-3082
419,Fatima Brown,fatima.brown@example.com,New York,NY,2023-07-27,555-2916
420,Amit Doe,amit.doe@example.com,Jaipur,RJ,2024-06-18,555-1384
421,Priya Khan,priya.khan@example.com,New York,NY,2023-09-07,555-4090
422,Jane Brown,jane.brown@example.com,New York,NY,2025-03-07,555-8301
423,Fatima Rossi,fatima.rossi@example.com,Los Angeles,CA,2024-09-14,555-5274
424,Carlos Doe,carlos.doe@example.com,Chicago,IL,2023-05-07,555-4254
425,Tom Smith,tom.smith@example.com,Chicago,IL,2024-05-25,555-3251
426,Fatima Brown,fatima.brown@example.com,Chicago,IL,2024-04-05,555-8656
427,Amit Doe,,Chicago,IL,2024-08-15,555-8458
428,Jane Garcia,jane.garcia@example.com,Jaipur,RJ,2023-11-20,555-4018
429,John Khan,john.khan@example.com,Los Angeles,CA,2025-03-12,555-5583
430,Jane Smith,jane.smith@example.com,Los Angeles,CA,2024-01-30,555-1654
431,Tom Kim,tom.kim@example.com,Jaipur,RJ,2024-11-28,555-8874
432,Fatima Doe,fatima.doe@example.com,New York,NY,2024-01-08,555-6125
433,Sara Smith,sara.smith@example.com,New York,NY,2024-03-01,555-2902
434,Sara Kim,,Mumbai,MH,2024-07-04,555-9154
435,Fatima Lee,fatima.lee@example.com,New York,NY,2024-08-18,555-3732
436,Jane Sharma,jane.sharma@example.com,Chicago,IL,2023-03-13,555-4735
437,Fatima Lee,fatima.lee@example.com,Jaipur,RJ,2024-04-20,555-5647
438,John Doe,john.doe@example.com,Los Angeles,CA,2024-04-03,555-9254
439,Jane Chen,jane.chen@example.com,Jaipur,RJ,2024-01-31,555-1182
440,Tom Smith,tom.smith@example.com,Chicago,IL,2023-06-18,555-2691
441,Wei Brown,,New York,NY,2023-12-07,555-8211
442,Amit Kim,amit.kim@example.com,Mumbai,MH,2024-10-25,555-8746
443,Wei Chen,wei.chen@example.com,Jaipur,RJ,2024-10-15,555-9506
444,John Chen,john.chen@example.com,Jaipur,RJ,2025-04-17,555-8316
445,Fatima Smith,fatima.smith@example.com,Mumbai,MH,2023-03-15,555-2739
446,Wei Kim,wei.kim@example.com,Chicago,IL,2025-02-24,555-4209
447,John Smith,john.smith@example.com,Mumbai,MH,2025-05-14,555-1114
448,Carlos Doe,carlos.doe@example.com,Mumbai,MH,2023-04-06,555-2375
449,Tom Lee,tom.lee@example.com,New York,NY,2023-03-25,555-8932
450,John Lee,john.lee@example.com,Chicago,IL,2024-05-16,555-2955
451,Amit Khan,amit.khan@example.com,New York,NY,2024-02-17,555-1161
452,Carlos Smith,carlos.smith@example.com,Los Angeles,CA,2023-06-28,555-4681
453,Amit Chen,amit.chen@example.com,Los Angeles,CA,2024-03-24,555-2357
454,Sara Smith,sara.smith@example.com,Jaipur,RJ,2024-01-11,555-6511
455,Fatima Doe,fatima.doe@example.com,Chicago,IL,2025-05-05,555-4159
456,John Sharma,,Jaipur,RJ,2025-02-28,555-3284
457,Amit Smith,amit.smith@example.com,Jaipur,RJ,2023-04-08,555-2141
458,Elena Khan,elena.khan@example.com,Jaipur,RJ,2023-06-05,555-6092
459,Fatima Khan,fatima.khan@example.com,New York,NY,2023-08-29,555-7087
460,Fatima Rossi,fatima.rossi@example.com,Mumbai,MH,2024-02-09,555-8952
461,Carlos Sharma,carlos.sharma@example.com,Jaipur,RJ,2023-09-24,555-9045
462,Tom Sharma,tom.sharma@example.com,Mumbai,MH,2023-02-12,555-7788
463,Wei Garcia,wei.garcia@example.com,Chicago,IL,2024-04-01,555-9546
464,Jane Smith,jane.smith@example.com,Los Angeles,CA,2025-04-24,555-1481
465,Priya Garcia,priya.garcia@example.com,Chicago,IL,2024-05-29,555-9440
466,Elena Kim,elena.kim@example.com,Chicago,IL,2023-08-16,555-3687
467,Wei Sharma,wei.sharma@example.com,Los Angeles,CA,2023-05-08,555-5975
468,John Rossi,john.rossi@example.com,Chicago,IL,2023-07-28,555-3857
469,Carlos Chen,carlos.chen@example.com,Mumbai,MH,2024-07-18,555-8292
470,Carlos Garcia,carlos.garcia@example.com,Chicago,IL,2023-08-22,555-1687
471,Elena Kim,elena.kim@example.com,Mumbai,MH,2024-07-19,555-2624
472,Wei Sharma,wei.sharma@example.com,Chicago,IL,2025-02-05,555-4702
473,Elena Brown,elena.brown@example.com,New York,NY,2023-11-09,555-9939
474,Elena Chen,elena.chen@example.com,Los Angeles,CA,2023-02-02,555-6249
475,John Chen,john.chen@example.com,Chicago,IL,2023-07-12,555-1977
476,Elena Brown,elena.brown@example.com,Mumbai,MH,2024-10-11,555-2989
477,Elena Sharma,elena.sharma@example.com,Jaipur,RJ,2024-05-03,555-9544
478,Sara Lee,sara.lee@example.com,New York,NY,2024-09-26,555-5964
479,Jane Sharma,jane.sharma@example.com,Jaipur,RJ,2023-12-11,555-2041
480,Sara Rossi,sara.rossi@example.com,Mumbai,MH,2025-05-17,555-9331
481,Priya Lee,priya.lee@example.com,Chicago,IL,2023-10-11,555-3581
482,Amit Lee,amit.lee@example.com,Mumbai,MH,2023-07-15,555-1443
483,Carlos Smith,carlos.smith@example.com,Mumbai,MH,2024-11-03,555-2683
484,Carlos Chen,carlos.chen@example.com,Jaipur,RJ,2024-09-28,555-5330
485,Sara Chen,sara.chen@example.com,Jaipur,RJ,2025-05-25,555-9352
486,Priya Doe,priya.doe@example.com,Chicago,IL,2024-07-09,555-6785
487,Amit Chen,amit.chen@example.com,Chicago,IL,2024-03-20,555-9321
488,Jane Lee,jane.lee@example.com,Jaipur,RJ,2023-03-01,555-1923
489,Amit Sharma,amit.sharma@example.com,Mumbai,MH,2025-01-17,555-9902
490,Fatima Sharma,fatima.sharma@example.com,Chicago,IL,2024-06-24,555-8180
491,Carlos Kim,carlos.kim@example.com,Chicago,IL,2024-08-21,555-1764
492,Wei Doe,wei.doe@example.com,Chicago,IL,2025-05-04,555-5980
493,Wei Kim,wei.kim@example.com,Los Angeles,CA,2024-09-11,555-1066
494,Tom Khan,tom.khan@example.com,Los Angeles,CA,2023-09-16,555-4868
495,John Garcia,john.garcia@example.com,Los Angeles,CA,2024-10-01,555-2964
496,Sara Rossi,sara.rossi@example.com,Jaipur,RJ,2023-06-15,555-9436
497,Carlos Kim,carlos.kim@example.com,Los Angeles,CA,2024-10-19,555-6229
498,Fatima Sharma,fatima.sharma@example.com,Jaipur,RJ,2025-04-29,555-8893
499,Fatima Khan,fatima.khan@example.com,Los Angeles,CA,2024-09-11,555-3936
500,Elena Sharma,elena.sharma@example.com,Mumbai,MH,2024-05-05,555-5414
501,Wei Chen,wei.chen@example.com,Mumbai,MH,2023-04-10,555-3186
502,Fatima Rossi,fatima.rossi@example.com,Mumbai,MH,2025-01-27,555-5009
503,Fatima Brown,fatima.brown@example.com,New York,NY,2025-02-21,555-2515
504,Tom Brown,tom.brown@example.com,Los Angeles,CA,2023-12-25,555-2480
505,Tom Doe,tom.doe@example.com,Mumbai,MH,2023-08-07,555-7105
506,Tom Khan,tom.khan@example.com,Jaipur,RJ,2023-11-09,555-5564
507,John Lee,john.lee@example.com,Mumbai,MH,2025-05-24,555-5397
508,Sara Garcia,sara.garcia@example.com,Los Angeles,CA,2025-01-24,555-4945
509,Tom Rossi,tom.rossi@example.com,Mumbai,MH,2024-10-08,555-2094
510,Amit Garcia,amit.garcia@example.com,Chicago,IL,2024-04-07,555-7540
511,Priya Kim,priya.kim@example.com,Los Angeles,CA,2025-03-08,555-8165
512,Sara Garcia,sara.garcia@example.com,Jaipur,RJ,2024-06-03,555-6096
513,Sara Kim,sara.kim@example.com,Los Angeles,CA,2024-02-16,555-5296
514,Wei Garcia,wei.garcia@example.com,Mumbai,MH,2024-01-28,555-5599
515,Carlos Brown,carlos.brown@example.com,New York,NY,2023-01-14,555-6793
516,Elena Rossi,elena.rossi@example.com,New York,NY,2025-05-12,555-5667
517,John Smith,john.smith@example.com,Los Angeles,CA,2025-05-24,555-2232
518,Amit Lee,amit.lee@example.com,Los Angeles,CA,2023-11-16,555-4974
519,Wei Smith,wei.smith@example.com,Jaipur,RJ,2023-01-31,555-3294
520,Wei Lee,,Los Angeles,CA,2024-11-18,555-7424
521,Wei Khan,wei.khan@example.com,Chicago,IL,2024-03-21,555-9301
522,Jane Lee,jane.lee@example.com,Jaipur,RJ,2023-12-15,555-5092
523,Carlos Kim,carlos.kim@example.com,Chicago,IL,2024-12-27,555-2308
524,Jane Khan,jane.khan@example.com,New York,NY,2023-09-29,555-2768
525,Jane Khan,jane.khan@example.com,Los Angeles,CA,2023-03-05,555-5918
526,Tom Brown,tom.brown@example.com,Mumbai,MH,2024-07-29,555-1169
527,Amit Khan,amit.khan@example.com,Chicago,IL,2024-06-16,555-8923
528,Wei Sharma,wei.sharma@example.com,New York,NY,2024-10-16,555-4100
529,Elena Lee,elena.lee@example.com,Mumbai,MH,2024-03-30,555-4440
530,Jane Rossi,jane.rossi@example.com,New York,NY,2023-06-11,555-5182
531,Sara Lee,sara.lee@example.com,Chicago,IL,2023-12-17,555-9811
532,Carlos Brown,carlos.brown@example.com,Los Angeles,CA,2023-04-16,555-6299
533,Jane Lee,jane.lee@example.com,Los Angeles,CA,2024-12-12,555-1800
534,Fatima Doe,fatima.doe@example.com,Jaipur,RJ,2024-06-04,555-4910
535,Fatima Garcia,fatima.garcia@example.com,Jaipur,RJ,2025-05-23,555-3200
536,Sara Chen,sara.chen@example.com,Mumbai,MH,2024-07-06,555-3423
537,Priya Sharma,priya.sharma@example.com,Mumbai,MH,2023-06-17,555-2098
538,Wei Brown,wei.brown@example.com,Jaipur,RJ,2024-11-03,555-3366
539,Tom Brown,tom.brown@example.com,New York,NY,2025-03-24,555-4205
540,John Sharma,john.sharma@example.com,Chicago,IL,2024-08-26,555-1070
541,Amit Lee,amit.lee@example.com,New York,NY,2023-07-05,555-2741
542,Sara Garcia,sara.garcia@example.com,Chicago,IL,2024-01-03,555-4767
543,John Khan,john.khan@example.com,New York,NY,2025-04-17,555-5981
544,Elena Kim,elena.kim@example.com,New York,NY,2024-02-17,555-9731
545,Amit Lee,amit.lee@example.com,Mumbai,MH,2023-04-28,555-8430
546,Carlos Rossi,carlos.rossi@example.com,New York,NY,2025-04-16,555-4379
547,Carlos Khan,carlos.khan@example.com,Chicago,IL,2025-05-25,555-3100
548,Sara Lee,sara.lee@example.com,Mumbai,MH,2023-09-27,555-1651
549,Fatima Garcia,fatima.garcia@example.com,Mumbai,MH,2023-05-29,555-2119
550,Elena Smith,elena.smith@example.com,Jaipur,RJ,2024-03-13,555-9057
551,John Sharma,john.sharma@example.com,Los Angeles,CA,2024-11-26,555-1582
552,Sara Chen,sara.chen@example.com,Jaipur,RJ,2025-01-23,555-2119
553,Priya Doe,priya.doe@example.com,New York,NY,2023-03-15,555-3069
554,Tom Brown,tom.brown@example.com,Chicago,IL,2024-08-03,555-6437
555,John Garcia,john.garcia@example.com,Mumbai,MH,2024-03-09,555-1684
556,Fatima Khan,fatima.khan@example.com,Los Angeles,CA,2024-01-02,555-6204
557,Sara Khan,sara.khan@example.com,Los Angeles,CA,2025-01-14,555-5299
558,Wei Kim,wei.kim@example.com,New York,NY,2024-05-31,555-4464
559,Fatima Garcia,fatima.garcia@example.com,Los Angeles,CA,2024-03-28,555-9002
560,Tom Chen,tom.chen@example.com,Los Angeles,CA,2023-09-07,555-7237
561,John Smith,john.smith@example.com,Chicago,IL,2023-09-19,555-6012
562,John Lee,john.lee@example.com,New York,NY,2023-09-26,555-4386
563,Wei Lee,wei.lee@example.com,Mumbai,MH,2024-04-26,555-7603
564,John Lee,john.lee@example.com,New York,NY,2023-06-10,555-6273
565,Amit Chen,amit.chen@example.com,Los Angeles,CA,2024-09-27,555-3585
566,Tom Garcia,tom.garcia@example.com,Jaipur,RJ,2024-10-27,555-8170
567,John Lee,john.lee@example.com,Mumbai,MH,2023-08-16,555-6692
568,Priya Smith,priya.smith@example.com,Los Angeles,CA,2023-10-17,555-1736
569,Wei Brown,wei.brown@example.com,New York,NY,2023-04-08,555-2395
570,Tom Khan,tom.khan@example.com,Mumbai,MH,2023-09-11,555-3489
571,John Garcia,john.garcia@example.com,New York,NY,2025-01-10,555-6288
572,Sara Sharma,sara.sharma@example.com,Mumbai,MH,2025-01-20,555-8898
573,Tom Khan,tom.khan@example.com,Mumbai,MH,2024-06-01,555-9469
574,Tom Brown,tom.brown@example.com,New York,NY,2024-03-03,555-8911
575,Tom Khan,tom.khan@example.com,New York,NY,2023-10-09,555-1549
576,Elena Lee,elena.lee@example.com,Chicago,IL,2024-03-26,555-6762
577,Priya Sharma,priya.sharma@example.com,Chicago,IL,2025-01-29,555-9484
578,Carlos Garcia,carlos.garcia@example.com,Mumbai,MH,2024-01-26,555-4730
579,Priya Lee,priya.lee@example.com,New York,NY,2024-10-29,555-2938
580,Sara Sharma,sara.sharma@example.com,Los Angeles,CA,2023-09-20,555-6087
581,Priya Brown,priya.brown@example.com,Los Angeles,CA,2024-06-04,555-4932
582,John Smith,john.smith@example.com,Chicago,IL,2024-04-29,555-6804
583,Fatima Doe,fatima.doe@example.com,Los Angeles,CA,2023-01-14,555-9013
584,Sara Brown,sara.brown@example.com,Chicago,IL,2024-05-02,555-7196
585,Sara Lee,sara.lee@example.com,Mumbai,MH,2023-10-15,555-7008
586,Fatima Smith,fatima.smith@example.com,Mumbai,MH,2024-06-06,555-1007
587,Priya Kim,priya.kim@example.com,Chicago,IL,2024-08-16,555-1400
588,Fatima Kim,fatima.kim@example.com,Los Angeles,CA,2023-02-02,555-3099
589,Fatima Lee,fatima.lee@example.com,Jaipur,RJ,2023-10-20,555-6127
590,Wei Chen,wei.chen@example.com,Mumbai,MH,2024-10-15,555-1508
591,John Smith,john.smith@example.com,Jaipur,RJ,2023-06-20,555-8789
592,Sara Smith,sara.smith@example.com,Jaipur,RJ,2025-02-20,555-1362
593,Tom Kim,tom.kim@example.com,Chicago,IL,2023-02-04,555-7215
594,Wei Khan,wei.khan@example.com,Chicago,IL,2025-03-12,555-9496
595,John Kim,john.kim@example.com,Los Angeles,CA,2023-06-10,555-1401
596,Carlos Kim,carlos.kim@example.com,Jaipur,RJ,2025-02-09,555-4690
597,Fatima Rossi,fatima.rossi@example.com,Los Angeles,CA,2024-10-24,555-6179
598,Fatima Lee,fatima.lee@example.com,Jaipur,RJ,2024-02-16,555-1761
599,Carlos Rossi,carlos.rossi@example.com,Los Angeles,CA,2023-12-04,555-5370
600,Carlos Rossi,carlos.rossi@example.com,Chicago,IL,2024-02-22,555-1847
601,Priya Lee,priya.lee@example.com,Chicago,IL,2024-10-31,555-9392
602,Sara Brown,sara.brown@example.com,Mumbai,MH,2024-06-15,555-8052
603,Jane Rossi,,Los Angeles,CA,2024-03-14,555-8184
604,Amit Chen,amit.chen@example.com,Los Angeles,CA,2025-02-04,555-7986
605,Carlos Kim,carlos.kim@example.com,New York,NY,2024-04-16,555-5272
606,Sara Smith,sara.smith@example.com,Los Angeles,CA,2024-09-09,555-8959
607,John Garcia,john.garcia@example.com,Mumbai,MH,2023-04-11,555-7123
608,Fatima Khan,fatima.khan@example.com,Los Angeles,CA,2024-01-12,555-4439
609,John Khan,,Jaipur,RJ,2023-09-24,555-5948
610,Elena Khan,elena.khan@example.com,Chicago,IL,2023-01-13,555-9178
611,Priya Garcia,priya.garcia@example.com,Jaipur,RJ,2024-10-01,555-5295
612,Carlos Brown,carlos.brown@example.com,Jaipur,RJ,2024-02-15,555-6231
613,Carlos Brown,carlos.brown@example.com,Chicago,IL,2025-03-26,555-5972
614,Fatima Khan,fatima.khan@example.com,Chicago,IL,2023-12-26,555-7625
615,Carlos Sharma,,Jaipur,RJ,2025-03-01,555-3545
616,Carlos Rossi,carlos.rossi@example.com,Mumbai,MH,2023-09-08,555-8000
617,Tom Sharma,tom.sharma@example.com,Los Angeles,CA,2023-07-12,555-1782
618,Jane Chen,jane.chen@example.com,Jaipur,RJ,2024-12-31,555-3327
619,Carlos Rossi,carlos.rossi@example.com,Los Angeles,CA,2024-03-08,555-4729
620,Sara Brown,sara.brown@example.com,Chicago,IL,2025-02-11,555-7082
621,Fatima Sharma,,Chicago,IL,2024-11-27,555-5259
622,Sara Doe,sara.doe@example.com,Jaipur,RJ,2023-12-13,555-3698
623,Tom Chen,tom.chen@example.com,Jaipur,RJ,2023-03-31,555-8847
624,Amit Khan,amit.khan@example.com,Jaipur,RJ,2023-06-20,555-7949
625,Tom Rossi,tom.rossi@example.com,Jaipur,RJ,2024-03-27,555-3796
626,Carlos Khan,carlos.khan@example.com,Chicago,IL,2024-04-26,555-1231
627,Sara Brown,sara.brown@example.com,Jaipur,RJ,2024-08-05,555-8080
628,Elena Garcia,elena.garcia@example.com,Los Angeles,CA,2025-06-16,555-6034
629,Elena Smith,elena.smith@example.com,Chicago,IL,2023-12-14,555-9508
629,Elena Smith,elena.smith@example.com,Chicago,IL,2023-12-14,555-9508
630,Jane Rossi,jane.rossi@example.com,New York,NY,2023-01-15,555-3942
631,John Doe,john.doe@example.com,Los Angeles,CA,2024-07-11,555-6294
632,Tom Doe,tom.doe@example.com,Mumbai,MH,2025-03-23,555-2829
633,Elena Garcia,elena.garcia@example.com,Jaipur,RJ,2024-02-10,555-4167
634,Jane Chen,jane.chen@example.com,Chicago,IL,2024-09-21,555-4940
635,Jane Garcia,jane.garcia@example.com,New York,NY,2023-06-27,555-5157
636,Amit Kim,amit.kim@example.com,Chicago,IL,2024-07-01,555-2956
637,Wei Chen,wei.chen@example.com,New York,NY,2023-11-03,555-1253
638,Amit Rossi,amit.rossi@example.com,New York,NY,2024-11-29,555-4165
639,John Chen,john.chen@example.com,Los Angeles,CA,2024-02-08,555-9892
640,Fatima Rossi,fatima.rossi@example.com,Jaipur,RJ,2024-12-26,555-8584
641,Priya Garcia,priya.garcia@example.com,Jaipur,RJ,2024-04-28,555-6455
642,Elena Rossi,elena.rossi@example.com,Mumbai,MH,2023-04-27,555-1644
643,Carlos Rossi,carlos.rossi@example.com,Mumbai,MH,2024-10-10,555-5476
644,Wei Sharma,wei.sharma@example.com,Mumbai,MH,2024-09-15,555-8618
645,Sara Sharma,sara.sharma@example.com,Chicago,IL,2024-08-11,555-2959
646,John Khan,john.khan@example.com,Chicago,IL,2024-05-21,555-8252
647,John Rossi,john.rossi@example.com,Los Angeles,CA,2024-10-09,555-7726
648,Sara Chen,sara.chen@example.com,Mumbai,MH,2024-08-20,555-1447
649,Carlos Doe,carlos.doe@example.com,New York,NY,2023-06-29,555-7666
650,Tom Brown,tom.brown@example.com,Jaipur,RJ,2023-01-16,555-4296
651,Carlos Lee,carlos.lee@example.com,Mumbai,MH,2024-10-10,555-3850
652,Wei Rossi,wei.rossi@example.com,Chicago,IL,2025-02-04,555-3537
653,Tom Rossi,tom.rossi@example.com,Jaipur,RJ,2024-08-11,555-6472
654,Elena Kim,elena.kim@example.com,Mumbai,MH,2023-05-03,555-4167
655,Priya Rossi,priya.rossi@example.com,Los Angeles,CA,2023-10-20,555-6255
656,Amit Sharma,amit.sharma@example.com,Jaipur,RJ,2024-08-03,555-9862
657,Carlos Smith,carlos.smith@example.com,Chicago,IL,2025-02-06,555-1857
658,Wei Brown,wei.brown@example.com,Jaipur,RJ,2023-11-26,555-1480
659,Sara Khan,sara.khan@example.com,Jaipur,RJ,2023-09-16,555-7436
660,Elena Chen,elena.chen@example.com,New York,NY,2024-10-29,555-4903
661,Fatima Garcia,fatima.garcia@example.com,Mumbai,MH,2024-08-23,555-6817
662,Priya Chen,priya.chen@example.com,Chicago,IL,2024-11-14,555-2566
663,Carlos Sharma,carlos.sharma@example.com,Chicago,IL,2024-03-20,555-7588
664,Carlos Kim,carlos.kim@example.com,Los Angeles,CA,2023-02-06,555-7909
665,Fatima Lee,fatima.lee@example.com,Chicago,IL,2023-07-14,555-9204
666,John Sharma,john.sharma@example.com,Jaipur,RJ,2024-01-10,555-4423
667,Fatima Khan,fatima.khan@example.com,Mumbai,MH,2023-03-26,555-2824
668,Jane Brown,jane.brown@example.com,Chicago,IL,2025-02-18,555-8867
669,Elena Smith,elena.smith@example.com,Los Angeles,CA,2023-09-20,555-4396
670,Wei Khan,wei.khan@example.com,Los Angeles,CA,2024-01-04,555-2761
671,Sara Doe,sara.doe@example.com,Chicago,IL,2024-05-27,555-8428
672,Jane Lee,jane.lee@example.com,Chicago,IL,2023-08-25,555-4103
673,Carlos Rossi,carlos.rossi@example.com,New York,NY,2024-07-24,555-4223
674,Fatima Kim,fatima.kim@example.com,Mumbai,MH,2024-04-10,555-9790
675,Wei Doe,wei.doe@example.com,Jaipur,RJ,2023-10-31,555-2469
676,Fatima Sharma,fatima.sharma@example.com,Jaipur,RJ,2024-01-12,555-2573
677,Fatima Sharma,fatima.sharma@example.com,Chicago,IL,2023-06-22,555-5406
678,Priya Garcia,priya.garcia@example.com,Mumbai,MH,2023-09-22,555-2633
679,John Smith,john.smith@example.com,Los Angeles,CA,2025-01-14,555-8316
680,Jane Doe,jane.doe@example.com,Mumbai,MH,2024-12-20,555-8201
681,Tom Smith,tom.smith@example.com,Jaipur,RJ,2024-05-24,555-8887
682,Fatima Lee,,New York,NY,2025-04-22,555-6981
683,Fatima Lee,fatima.lee@example.com,New York,NY,2024-01-31,555-9295
684,Elena Kim,elena.kim@example.com,Chicago,IL,2023-10-15,555-1118
685,Priya Khan,priya.khan@example.com,Chicago,IL,2023-06-11,555-1385
686,Sara Smith,sara.smith@example.com,New York,NY,2025-05-25,555-5099
687,Fatima Khan,fatima.khan@example.com,Los Angeles,CA,2023-01-14,555-3246
688,Wei Rossi,wei.rossi@example.com,Chicago,IL,2025-04-07,555-3021
688,Wei Rossi,wei.rossi@example.com,Chicago,IL,2025-04-07,555-3021
689,Elena Brown,elena.brown@example.com,Jaipur,RJ,2024-04-15,555-7332
690,John Kim,john.kim@example.com,Los Angeles,CA,2023-07-11,555-4587
691,Wei Lee,wei.lee@example.com,Los Angeles,CA,2025-02-19,555-7508
692,Sara Khan,sara.khan@example.com,Mumbai,MH,2023-03-22,555-1748
693,Elena Sharma,elena.sharma@example.com,New York,NY,2024-07-19,555-5376
694,Priya Khan,priya.khan@example.com,Mumbai,MH,2024-04-09,555-9370
695,Amit Doe,amit.doe@example.com,Jaipur,RJ,2023-11-17,555-8726
696,Tom Doe,tom.doe@example.com,Mumbai,MH,2024-06-25,555-9862
697,Amit Khan,amit.khan@example.com,New York,NY,2024-06-23,555-3413
698,Carlos Kim,carlos.kim@example.com,New York,NY,2025-03-11,555-8101
699,Jane Khan,jane.khan@example.com,Mumbai,MH,2025-01-31,555-5196
700,Elena Brown,,Chicago,IL,2025-01-02,555-4358
701,Jane Garcia,jane.garcia@example.com,Mumbai,MH,2024-06-13,555-7851
702,Wei Sharma,wei.sharma@example.com,Mumbai,MH,2025-02-02,555-4457
703,Jane Smith,jane.smith@example.com,Chicago,IL,2023-02-06,555-2792
704,Carlos Lee,carlos.lee@example.com,New York,NY,2023-08-13,555-8787
705,Wei Smith,wei.smith@example.com,Mumbai,MH,2025-03-08,555-9907
706,Jane Brown,jane.brown@example.com,Los Angeles,CA,2023-11-05,555-5507
707,Carlos Sharma,carlos.sharma@example.com,Chicago,IL,2023-05-18,555-1330
708,Sara Lee,sara.lee@example.com,Mumbai,MH,2025-01-29,555-1865
709,Fatima Chen,fatima.chen@example.com,Jaipur,RJ,2023-04-02,555-1252
710,Wei Chen,wei.chen@example.com,New York,NY,2024-04-13,555-5992
711,Priya Lee,priya.lee@example.com,New York,NY,2024-02-19,555-3342
712,Carlos Lee,carlos.lee@example.com,Mumbai,MH,2023-12-19,555-2497
713,Carlos Kim,carlos.kim@example.com,Jaipur,RJ,2024-09-26,555-3412
714,John Garcia,john.garcia@example.com,New York,NY,2024-06-11,555-1542
715,Priya Khan,,Chicago,IL,2023-01-11,555-5612
716,Tom Brown,tom.brown@example.com,Mumbai,MH,2023-04-12,555-3226
717,Carlos Sharma,carlos.sharma@example.com,Chicago,IL,2025-01-07,555-1402
718,Fatima Kim,fatima.kim@example.com,Mumbai,MH,2025-04-03,555-5271
719,Wei Sharma,wei.sharma@example.com,Mumbai,MH,2024-07-12,555-7471
720,Elena Brown,elena.brown@example.com,Chicago,IL,2024-06-09,555-1680
721,Carlos Lee,carlos.lee@example.com,Chicago,IL,2024-02-20,555-2100
722,Fatima Kim,fatima.kim@example.com,New York,NY,2024-12-30,555-8815
723,Amit Lee,amit.lee@example.com,Chicago,IL,2024-02-20,555-2299
724,John Doe,john.doe@example.com,New York,NY,2024-05-19,555-6920
725,Carlos Chen,carlos.chen@example.com,Mumbai,MH,2023-10-20,555-7134
726,Carlos Garcia,carlos.garcia@example.com,Los Angeles,CA,2024-02-21,555-5963
727,Tom Sharma,tom.sharma@example.com,Los Angeles,CA,2024-03-25,555-8503
728,John Rossi,john.rossi@example.com,Chicago,IL,2024-05-14,555-4448
729,Wei Lee,wei.lee@example.com,Mumbai,MH,2025-01-17,555-3584
730,Tom Sharma,tom.sharma@example.com,New York,NY,2024-11-23,555-8109
731,Carlos Rossi,carlos.rossi@example.com,Mumbai,MH,2025-05-27,555-1682
732,Elena Rossi,elena.rossi@example.com,Jaipur,RJ,2023-02-23,555-8030
733,Sara Lee,sara.lee@example.com,Jaipur,RJ,2023-10-16,555-7144
734,Carlos Chen,carlos.chen@example.com,Chicago,IL,2024-11-29,555-4248
735,Elena Smith,,Jaipur,RJ,2024-09-23,555-5299
736,Fatima Lee,fatima.lee@example.com,Jaipur,RJ,2024-03-30,555-1391
737,Tom Garcia,,Los Angeles,CA,2024-07-02,555-4139
737,Tom Garcia,,Los Angeles,CA,2024-07-02,555-4139
738,Tom Brown,tom.brown@example.com,Mumbai,MH,2023-11-21,555-5111
739,Fatima Smith,fatima.smith@example.com,Mumbai,MH,2024-06-03,555-1092
740,Priya Chen,priya.chen@example.com,Mumbai,MH,2023-09-18,555-1105
741,Elena Garcia,elena.garcia@example.com,New York,NY,2024-03-12,555-5628
742,Sara Brown,sara.brown@example.com,New York,NY,2024-04-29,555-9931
743,Priya Garcia,priya.garcia@example.com,New York,NY,2023-10-08,555-7807
744,Amit Lee,amit.lee@example.com,Jaipur,RJ,2023-12-13,555-9917
745,Jane Kim,jane.kim@example.com,Chicago,IL,2023-02-04,555-2352
746,Amit Brown,amit.brown@example.com,New York,NY,2023-10-29,555-5168
747,Priya Brown,priya.brown@example.com,Los Angeles,CA,2024-07-23,555-8131
748,Wei Sharma,wei.sharma@example.com,Jaipur,RJ,2025-06-02,555-2596
749,Jane Garcia,jane.garcia@example.com,Mumbai,MH,2025-02-13,555-4931
750,Tom Doe,tom.doe@example.com,Los Angeles,CA,2023-04-04,555-2165
751,Wei Garcia,wei.garcia@example.com,Los Angeles,CA,2023-06-22,555-5473
752,Amit Rossi,amit.rossi@example.com,Los Angeles,CA,2023-04-23,555-7601
753,Carlos Chen,carlos.chen@example.com,Mumbai,MH,2023-02-02,555-3976
754,Jane Doe,jane.doe@example.com,Los Angeles,CA,2023-09-06,555-7929
755,Jane Brown,jane.brown@example.com,Chicago,IL,2024-05-11,555-5971
756,Fatima Doe,fatima.doe@example.com,Mumbai,MH,2024-06-03,555-7039
757,Carlos Kim,carlos.kim@example.com,New York,NY,2023-12-03,555-5938
758,Sara Doe,sara.doe@example.com,Chicago,IL,2023-01-03,555-7124
758,Sara Doe,sara.doe@example.com,Chicago,IL,2023-01-03,555-7124
759,Sara Chen,sara.chen@example.com,Mumbai,MH,2024-05-16,555-1514
760,Amit Garcia,amit.garcia@example.com,Jaipur,RJ,2023-11-19,555-5701
761,Amit Doe,amit.doe@example.com,Chicago,IL,2023-08-28,555-4693
762,John Rossi,john.rossi@example.com,Los Angeles,CA,2025-05-11,555-5373
763,John Doe,john.doe@example.com,Los Angeles,CA,2023-09-08,555-4999
764,Wei Rossi,wei.rossi@example.com,Chicago,IL,2023-10-09,555-5948
765,Wei Chen,,Jaipur,RJ,2024-02-28,555-2357
766,Sara Rossi,sara.rossi@example.com,Jaipur,RJ,2023-08-08,555-2043
767,Wei Smith,wei.smith@example.com,Chicago,IL,2023-03-25,555-8221
768,Priya Kim,priya.kim@example.com,Los Angeles,CA,2023-05-12,555-6976
769,Amit Sharma,amit.sharma@example.com,Los Angeles,CA,2024-03-29,555-7237
770,Wei Rossi,wei.rossi@example.com,Jaipur,RJ,2024-06-08,555-1639
771,Priya Brown,priya.brown@example.com,Mumbai,MH,2025-04-24,555-2109
772,Elena Smith,elena.smith@example.com,New York,NY,2023-05-20,555-5159
773,Carlos Brown,carlos.brown@example.com,Chicago,IL,2023-08-14,555-5221
774,Jane Rossi,jane.rossi@example.com,Jaipur,RJ,2023-02-27,555-8318
775,Tom Garcia,tom.garcia@example.com,Los Angeles,CA,2024-03-10,555-2927
776,Elena Chen,elena.chen@example.com,New York,NY,2024-05-03,555-1162
777,Fatima Doe,fatima.doe@example.com,New York,NY,2023-07-30,555-3692
778,Sara Rossi,sara.rossi@example.com,Chicago,IL,2025-03-05,555-2893
779,Elena Doe,elena.doe@example.com,New York,NY,2024-11-24,555-6667
780,Fatima Brown,fatima.brown@example.com,New York,NY,2023-02-13,555-4665
781,Carlos Smith,carlos.smith@example.com,Los Angeles,CA,2023-04-18,555-9152
782,Tom Garcia,tom.garcia@example.com,Mumbai,MH,2023-08-21,555-7104
783,Jane Kim,jane.kim@example.com,New York,NY,2023-12-20,555-2137
784,Elena Doe,elena.doe@example.com,New York,NY,2025-05-31,555-6372
785,Sara Rossi,sara.rossi@example.com,Chicago,IL,2024-10-13,555-1809
786,Jane Kim,jane.kim@example.com,New York,NY,2024-10-28,555-5160
787,Fatima Lee,fatima.lee@example.com,Chicago,IL,2024-08-11,555-5802
788,Tom Chen,tom.chen@example.com,Mumbai,MH,2024-06-27,555-6628
789,Wei Smith,wei.smith@example.com,Chicago,IL,2025-04-02,555-1037
790,Jane Brown,jane.brown@example.com,Los Angeles,CA,2023-12-11,555-6596
791,Sara Sharma,sara.sharma@example.com,Mumbai,MH,2025-05-14,555-1336
792,Carlos Sharma,carlos.sharma@example.com,Jaipur,RJ,2025-06-04,555-3534
793,Carlos Doe,carlos.doe@example.com,Jaipur,RJ,2024-12-20,555-9743
794,Elena Khan,elena.khan@example.com,Jaipur,RJ,2024-08-21,555-7748
795,Amit Chen,amit.chen@example.com,Jaipur,RJ,2025-02-07,555-9167
796,Tom Brown,tom.brown@example.com,Mumbai,MH,2023-08-17,555-4547
797,Priya Chen,priya.chen@example.com,Mumbai,MH,2024-12-09,555-4742
798,Elena Garcia,elena.garcia@example.com,Mumbai,MH,2024-09-17,555-4642
799,Fatima Garcia,fatima.garcia@example.com,Chicago,IL,2023-04-03,555-5755
800,Tom Lee,tom.lee@example.com,Chicago,IL,2023-04-18,555-7272
801,Tom Brown,,Mumbai,MH,2023-08-15,555-6292
802,Wei Sharma,wei.sharma@example.com,New York,NY,2024-07-16,555-6174
803,Jane Chen,jane.chen@example.com,Mumbai,MH,2024-07-26,555-8415
804,Sara Lee,sara.lee@example.com,Chicago,IL,2025-04-19,555-1760
805,Wei Smith,wei.smith@example.com,Chicago,IL,2023-12-27,555-3078
806,Priya Chen,priya.chen@example.com,Chicago,IL,2024-07-01,555-2413
807,Tom Smith,tom.smith@example.com,Mumbai,MH,2023-12-25,555-6137
808,Priya Rossi,priya.rossi@example.com,Chicago,IL,2024-02-21,555-4710
809,Fatima Doe,fatima.doe@example.com,Chicago,IL,2024-10-24,555-7557
810,Priya Sharma,priya.sharma@example.com,Los Angeles,CA,2023-11-12,555-1079
811,John Garcia,john.garcia@example.com,New York,NY,2023-09-08,555-8793
812,Elena Brown,,Mumbai,MH,2023-12-03,555-9437
813,John Brown,john.brown@example.com,New York,NY,2024-01-10,555-7871
814,Tom Chen,tom.chen@example.com,Los Angeles,CA,2023-10-04,555-1479
815,Jane Garcia,jane.garcia@example.com,Jaipur,RJ,2023-06-07,555-3609
816,Fatima Khan,fatima.khan@example.com,Mumbai,MH,2024-09-17,555-4873
817,Sara Rossi,,Jaipur,RJ,2025-05-30,555-2611
818,Sara Brown,sara.brown@example.com,Jaipur,RJ,2023-02-14,555-1182
819,Elena Garcia,elena.garcia@example.com,Mumbai,MH,2023-11-19,555-3742
820,Jane Smith,jane.smith@example.com,Los Angeles,CA,2025-05-08,555-4680
821,Wei Lee,wei.lee@example.com,Jaipur,RJ,2025-02-14,555-2063
822,Wei Brown,wei.brown@example.com,Mumbai,MH,2025-04-05,555-3174
823,Wei Doe,wei.doe@example.com,Jaipur,RJ,2024-09-25,555-9580
824,Carlos Smith,carlos.smith@example.com,Chicago,IL,2024-12-05,555-2303
825,Sara Sharma,sara.sharma@example.com,Los Angeles,CA,2024-08-27,555-6937
826,Tom Garcia,tom.garcia@example.com,Los Angeles,CA,2025-06-08,555-5697
827,Tom Brown,tom.brown@example.com,Mumbai,MH,2023-02-28,555-4795
828,John Lee,john.lee@example.com,New York,NY,2023-06-08,555-7412
829,Jane Khan,jane.khan@example.com,Chicago,IL,2024-10-26,555-6808
830,Carlos Doe,carlos.doe@example.com,New York,NY,2023-08-03,555-4832
831,Elena Smith,elena.smith@example.com,Los Angeles,CA,2024-09-11,555-8762
832,John Rossi,john.rossi@example.com,Chicago,IL,2023-09-14,555-2091
833,Fatima Brown,fatima.brown@example.com,Los Angeles,CA,2024-07-08,555-9365
834,Elena Rossi,elena.rossi@example.com,Los Angeles,CA,2024-07-02,555-1206
835,Tom Rossi,tom.rossi@example.com,Chicago,IL,2024-11-09,555-1855
836,Tom Sharma,tom.sharma@example.com,Jaipur,RJ,2024-05-21,555-2946
837,Wei Lee,,Chicago,IL,2025-01-04,555-2029
838,Elena Khan,elena.khan@example.com,Los Angeles,CA,2024-10-25,555-2184
838,Elena Khan,elena.khan@example.com,Los Angeles,CA,2024-10-25,555-2184
839,Jane Kim,jane.kim@example.com,Los Angeles,CA,2024-02-14,555-6175
840,Jane Doe,jane.doe@example.com,New York,NY,2024-10-04,555-5951
841,Carlos Khan,carlos.khan@example.com,Jaipur,RJ,2025-03-21,555-7562
841,Carlos Khan,carlos.khan@example.com,Jaipur,RJ,2025-03-21,555-7562
842,Fatima Garcia,fatima.garcia@example.com,Los Angeles,CA,2024-06-25,555-2655
843,Carlos Doe,carlos.doe@example.com,Jaipur,RJ,2024-03-06,555-3543
844,Amit Lee,amit.lee@example.com,Los Angeles,CA,2024-06-15,555-7755
845,Jane Doe,jane.doe@example.com,New York,NY,2024-01-10,555-3143
846,Priya Doe,priya.doe@example.com,Chicago,IL,2024-07-28,555-5603
847,Wei Garcia,wei.garcia@example.com,Mumbai,MH,2023-06-01,555-9119
848,Carlos Rossi,carlos.rossi@example.com,Jaipur,RJ,2024-02-23,555-7428
849,Priya Kim,priya.kim@example.com,New York,NY,2023-06-24,555-6367
850,Carlos Brown,carlos.brown@example.com,Jaipur,RJ,2023-02-15,555-6529
851,Elena Chen,elena.chen@example.com,Chicago,IL,2025-05-01,555-9593
852,Amit Sharma,amit.sharma@example.com,Chicago,IL,2025-05-13,555-5624
853,Sara Khan,,Los Angeles,CA,2023-03-08,555-9389
854,Fatima Doe,fatima.doe@example.com,New York,NY,2025-01-31,555-6864
855,Wei Brown,wei.brown@example.com,Chicago,IL,2024-10-24,555-5877
856,Tom Kim,tom.kim@example.com,New York,NY,2024-07-26,555-9360
857,Amit Brown,amit.brown@example.com,Mumbai,MH,2023-09-15,555-2756
858,Fatima Kim,fatima.kim@example.com,Los Angeles,CA,2023-01-27,555-2198
859,Sara Chen,sara.chen@example.com,Jaipur,RJ,2024-01-10,555-7810
860,Jane Kim,jane.kim@example.com,New York,NY,2023-01-20,555-6580
861,Tom Garcia,tom.garcia@example.com,Jaipur,RJ,2023-03-28,555-5094
862,John Doe,john.doe@example.com,Chicago,IL,2023-07-25,555-2495
863,John Kim,john.kim@example.com,Mumbai,MH,2024-09-09,555-6415
864,Priya Garcia,priya.garcia@example.com,New York,NY,2024-04-10,555-3135
865,Tom Lee,tom.lee@example.com,Mumbai,MH,2023-07-25,555-3491
866,Elena Kim,elena.kim@example.com,Mumbai,MH,2023-03-21,555-3214
867,Amit Rossi,amit.rossi@example.com,Chicago,IL,2025-04-03,555-4705
868,Wei Sharma,wei.sharma@example.com,New York,NY,2025-02-26,555-7301
869,Wei Kim,wei.kim@example.com,Mumbai,MH,2024-11-25,555-6793
870,John Smith,john.smith@example.com,Mumbai,MH,2023-05-05,555-7898
871,Wei Kim,wei.kim@example.com,Mumbai,MH,2023-01-22,555-4259
872,Jane Rossi,jane.rossi@example.com,Los Angeles,CA,2024-06-08,555-4948
873,Jane Kim,jane.kim@example.com,Mumbai,MH,2025-04-23,555-5677
874,Priya Kim,priya.kim@example.com,Los Angeles,CA,2023-08-16,555-5576
875,Fatima Smith,fatima.smith@example.com,Jaipur,RJ,2024-05-14,555-3615
876,Amit Kim,amit.kim@example.com,Mumbai,MH,2023-03-27,555-5325
877,Jane Chen,jane.chen@example.com,Jaipur,RJ,2025-05-10,555-7946
878,Wei Sharma,wei.sharma@example.com,Mumbai,MH,2025-03-17,555-9825
879,Sara Rossi,sara.rossi@example.com,Los Angeles,CA,2024-08-07,555-4446
880,Jane Rossi,jane.rossi@example.com,Los Angeles,CA,2024-05-21,555-2236
881,Priya Brown,priya.brown@example.com,Mumbai,MH,2023-11-14,555-4719
882,Amit Sharma,amit.sharma@example.com,Jaipur,RJ,2024-04-01,555-3577
883,John Chen,john.chen@example.com,Jaipur,RJ,2023-08-05,555-4929
884,Wei Kim,wei.kim@example.com,Mumbai,MH,2024-10-26,555-6591
885,Tom Smith,tom.smith@example.com,Jaipur,RJ,2023-07-17,555-6741
886,Amit Kim,,Mumbai,MH,2024-02-07,555-8595
887,Amit Rossi,amit.rossi@example.com,Jaipur,RJ,2023-03-20,555-5487
888,Sara Lee,sara.lee@example.com,Chicago,IL,2024-10-12,555-1862
889,Elena Sharma,elena.sharma@example.com,New York,NY,2023-03-04,555-3335
890,Amit Chen,amit.chen@example.com,Mumbai,MH,2023-04-29,555-7959
891,John Smith,john.smith@example.com,Los Angeles,CA,2025-01-13,555-6974
892,Tom Chen,tom.chen@example.com,Jaipur,RJ,2024-01-07,555-3844
893,Wei Garcia,wei.garcia@example.com,Chicago,IL,2025-04-14,555-8140
894,Priya Brown,priya.brown@example.com,Los Angeles,CA,2023-08-20,555-1399
895,Sara Rossi,sara.rossi@example.com,Los Angeles,CA,2024-03-28,555-1098
896,Tom Sharma,,New York,NY,2025-05-20,555-8871
897,Amit Chen,amit.chen@example.com,Jaipur,RJ,2024-02-24,555-7463
898,Jane Rossi,jane.rossi@example.com,Jaipur,RJ,2023-01-31,555-1437
899,John Chen,john.chen@example.com,Mumbai,MH,2024-04-23,555-8093
900,Elena Garcia,elena.garcia@example.com,Jaipur,RJ,2024-09-24,555-2828
901,Sara Garcia,sara.garcia@example.com,Chicago,IL,2024-04-13,555-3250
902,Jane Kim,jane.kim@example.com,Chicago,IL,2024-12-14,555-3765
903,Wei Lee,wei.lee@example.com,Chicago,IL,2023-07-09,555-7259
904,Priya Garcia,priya.garcia@example.com,Jaipur,RJ,2024-05-03,555-4735
905,Jane Doe,jane.doe@example.com,Mumbai,MH,2024-05-06,555-9981
906,Amit Chen,amit.chen@example.com,Mumbai,MH,2023-03-15,555-3473
907,John Sharma,john.sharma@example.com,Los Angeles,CA,2024-09-10,555-9062
908,Priya Kim,priya.kim@example.com,Mumbai,MH,2023-05-21,555-5063
909,John Khan,john.khan@example.com,Los Angeles,CA,2025-03-03,555-5668
910,Priya Rossi,priya.rossi@example.com,Jaipur,RJ,2023-07-27,555-6876
911,Priya Rossi,priya.rossi@example.com,Jaipur,RJ,2025-03-18,555-5883
912,Amit Doe,amit.doe@example.com,Jaipur,RJ,2023-10-26,555-4817
913,Sara Rossi,sara.rossi@example.com,Los Angeles,CA,2024-10-31,555-3916
914,Tom Doe,tom.doe@example.com,Los Angeles,CA,2023-02-03,555-8099
915,Tom Chen,tom.chen@example.com,Jaipur,RJ,2023-10-03,555-1849
916,Wei Garcia,wei.garcia@example.com,New York,NY,2025-01-20,555-6874
917,Jane Garcia,jane.garcia@example.com,Los Angeles,CA,2023-01-06,555-2716
918,Amit Rossi,amit.rossi@example.com,Mumbai,MH,2024-02-08,555-4882
919,Jane Garcia,jane.garcia@example.com,Jaipur,RJ,2024-08-19,555-9740
920,Fatima Lee,fatima.lee@example.com,Mumbai,MH,2024-11-28,555-9105
921,Amit Brown,amit.brown@example.com,Jaipur,RJ,2024-03-07,555-4134
922,John Khan,john.khan@example.com,Los Angeles,CA,2024-12-21,555-5266
923,Sara Brown,sara.brown@example.com,Jaipur,RJ,2025-02-21,555-9584
924,John Lee,john.lee@example.com,Mumbai,MH,2025-04-14,555-9722
925,Wei Smith,wei.smith@example.com,Jaipur,RJ,2023-05-04,555-9854
926,Carlos Kim,carlos.kim@example.com,New York,NY,2023-05-04,555-3494
927,Carlos Rossi,,Mumbai,MH,2023-10-03,555-3641
928,Amit Doe,amit.doe@example.com,Los Angeles,CA,2024-12-13,555-7658
929,Tom Lee,tom.lee@example.com,New York,NY,2025-04-15,555-9712
930,Sara Smith,sara.smith@example.com,Jaipur,RJ,2024-06-19,555-3572
931,Tom Chen,tom.chen@example.com,Chicago,IL,2023-10-18,555-9463
932,John Sharma,john.sharma@example.com,Jaipur,RJ,2023-10-01,555-1594
933,John Garcia,john.garcia@example.com,Mumbai,MH,2023-01-17,555-8130
934,Amit Chen,amit.chen@example.com,Jaipur,RJ,2023-08-12,555-2784
935,Jane Sharma,jane.sharma@example.com,New York,NY,2023-04-07,555-9355
936,Fatima Kim,fatima.kim@example.com,Chicago,IL,2023-12-22,555-6712
937,Tom Brown,tom.brown@example.com,New York,NY,2024-09-01,555-8591
938,Tom Khan,tom.khan@example.com,Chicago,IL,2023-05-10,555-1370
939,Carlos Smith,carlos.smith@example.com,Mumbai,MH,2025-06-15,555-8431
940,Carlos Garcia,carlos.garcia@example.com,Los Angeles,CA,2024-01-02,555-8415
941,Carlos Lee,carlos.lee@example.com,Jaipur,RJ,2024-04-12,555-1041
942,Tom Kim,tom.kim@example.com,Los Angeles,CA,2023-10-18,555-6242
943,Tom Kim,tom.kim@example.com,Chicago,IL,2025-01-17,555-9025
944,Amit Brown,amit.brown@example.com,Jaipur,RJ,2024-06-21,555-7968
945,Carlos Doe,carlos.doe@example.com,New York,NY,2023-09-15,555-7452
946,Wei Doe,wei.doe@example.com,Jaipur,RJ,2023-12-26,555-9852
947,Jane Sharma,jane.sharma@example.com,Chicago,IL,2024-11-08,555-5777
948,Tom Doe,tom.doe@example.com,Chicago,IL,2023-07-07,555-9190
949,Priya Smith,priya.smith@example.com,Jaipur,RJ,2023-10-08,555-7174
950,Elena Smith,elena.smith@example.com,Jaipur,RJ,2024-01-31,555-9236
951,Jane Brown,jane.brown@example.com,Los Angeles,CA,2024-08-03,555-3183
952,Carlos Smith,carlos.smith@example.com,Los Angeles,CA,2024-09-28,555-5999
953,Jane Garcia,jane.garcia@example.com,New York,NY,2023-03-17,555-8655
954,Amit Sharma,amit.sharma@example.com,New York,NY,2024-10-07,555-8377
955,Fatima Chen,fatima.chen@example.com,Jaipur,RJ,2024-07-27,555-3766
956,Sara Chen,sara.chen@example.com,Mumbai,MH,2023-05-22,555-4639
957,Amit Brown,amit.brown@example.com,New York,NY,2023-10-26,555-6561
958,Amit Sharma,amit.sharma@example.com,New York,NY,2024-12-04,555-5359
959,John Khan,john.khan@example.com,Jaipur,RJ,2024-05-24,555-2356
960,John Rossi,john.rossi@example.com,New York,NY,2024-06-26,555-3653
961,Fatima Chen,fatima.chen@example.com,Los Angeles,CA,2023-02-10,555-1056
962,Sara Rossi,sara.rossi@example.com,Los Angeles,CA,2024-12-03,555-7487
963,John Kim,,Jaipur,RJ,2024-11-10,555-9559
963,John Kim,,Jaipur,RJ,2024-11-10,555-9559
964,Carlos Kim,carlos.kim@example.com,New York,NY,2024-07-16,555-1263
965,Amit Lee,amit.lee@example.com,Los Angeles,CA,2025-04-27,555-8485
966,Fatima Smith,fatima.smith@example.com,Mumbai,MH,2025-04-08,555-7007
967,Amit Garcia,amit.garcia@example.com,New York,NY,2024-03-13,555-3464
968,Tom Khan,tom.khan@example.com,New York,NY,2023-02-06,555-5936
969,Fatima Khan,fatima.khan@example.com,Jaipur,RJ,2023-10-17,555-3601
970,Priya Garcia,priya.garcia@example.com,Chicago,IL,2023-04-20,555-8984
971,Carlos Doe,carlos.doe@example.com,Jaipur,RJ,2024-11-17,555-5450
972,Wei Smith,wei.smith@example.com,Los Angeles,CA,2024-11-25,555-5464
973,Priya Khan,priya.khan@example.com,New York,NY,2023-05-05,555-5734
974,John Lee,john.lee@example.com,Jaipur,RJ,2023-12-20,555-2719
975,Jane Doe,,Los Angeles,CA,2025-05-05,555-7103
976,Amit Doe,amit.doe@example.com,Mumbai,MH,2023-05-24,555-9400
977,Elena Sharma,elena.sharma@example.com,New York,NY,2023-05-31,555-1805
978,Sara Garcia,sara.garcia@example.com,New York,NY,2023-07-18,555-9478
979,Priya Doe,priya.doe@example.com,Mumbai,MH,2023-02-07,555-9212
980,Sara Doe,sara.doe@example.com,Jaipur,RJ,2023-09-05,555-5143
981,Fatima Kim,fatima.kim@example.com,Chicago,IL,2025-02-13,555-1488
982,John Lee,john.lee@example.com,Los Angeles,CA,2024-03-07,555-2614
983,Fatima Doe,fatima.doe@example.com,New York,NY,2024-04-07,555-2128
984,Carlos Kim,carlos.kim@example.com,Mumbai,MH,2024-08-27,555-9177
985,Elena Garcia,elena.garcia@example.com,Jaipur,RJ,2024-02-29,555-9195
986,Carlos Khan,carlos.khan@example.com,Jaipur,RJ,2024-10-21,555-8978
987,Amit Sharma,amit.sharma@example.com,Chicago,IL,2024-06-17,555-2333
988,Wei Smith,wei.smith@example.com,Mumbai,MH,2023-12-28,555-1683
989,Carlos Chen,carlos.chen@example.com,Jaipur,RJ,2023-03-08,555-9595
990,Sara Sharma,sara.sharma@example.com,Chicago,IL,2025-03-26,555-4914
991,Elena Chen,elena.chen@example.com,Chicago,IL,2023-04-26,555-7037
992,Wei Chen,wei.chen@example.com,Los Angeles,CA,2023-08-09,555-9717
993,Tom Khan,tom.khan@example.com,Mumbai,MH,2025-01-01,555-2287
994,Amit Chen,amit.chen@example.com,New York,NY,2024-11-21,555-1601
995,Carlos Khan,carlos.khan@example.com,Jaipur,RJ,2023-07-18,555-5907
996,Amit Rossi,amit.rossi@example.com,Los Angeles,CA,2024-07-18,555-8948
997,Elena Brown,elena.brown@example.com,Jaipur,RJ,2023-11-09,555-4886
998,Wei Sharma,wei.sharma@example.com,Jaipur,RJ,2024-07-20,555-6331
999,Jane Lee,jane.lee@example.com,Jaipur,RJ,2025-06-13,555-6731
1000,Sara Doe,sara.doe@example.com,Mumbai,MH,2024-06-26,555-9749
